Workbook

Sheet Trade Log
A1: THE REBOUND — NY + ASIA DAILY TRADE LOG (Jan–Jul 2026)
A2: DATE / DAY | C2: NY SESSION (6:30 AM PT — weekdays only) | K2: ASIA SESSION (3:00 PM PT — incl. Sundays) | S2: DAILY P&L
A3: DATE | B3: DAY | C3: W | D3: L | E3: L✓ | F3: L✗ | G3: S✓ | H3: S✗ | I3: SKIP | J3: E/L | K3: W | L3: L | M3: L✓ | N3: L✗ | O3: S✓ | P3: S✗ | Q3: SKIP | R3: E/L
A4: W=Wins L=Losses L✓=Longs Won L✗=Longs Lost S✓=Shorts Won S✗=Shorts Lost SKIP=# skips E/L = E(early <30min) or L(late >30min) ★ SUNDAY = Asia only
A5: Jan 6 | B5: Tue | S5: =IFERROR(C5*460+D5*-560,0)+IFERROR(K5*460+L5*-560,0) -> 0
A6: Jan 7 | B6: Wed | S6: =IFERROR(C6*460+D6*-560,0)+IFERROR(K6*460+L6*-560,0) -> 0
A7: Jan 8 | B7: Thu | S7: =IFERROR(C7*460+D7*-560,0)+IFERROR(K7*460+L7*-560,0) -> 0
A8: Jan 9 | B8: Fri | S8: =IFERROR(C8*460+D8*-560,0)+IFERROR(K8*460+L8*-560,0) -> 0
A9: Jan 11 | B9: SUN ★ | C9: — | D9: — | E9: — | F9: — | G9: — | H9: — | I9: — | J9: — | K9: 1 | L9: 1 | N9: 1 | O9: 1 | Q9: 1 | R9: L | S9: =IFERROR(K9*460+L9*-560,0) -> -100
A10: Jan 12 | B10: Mon | C10: 1 | E10: 1 | J10: L | K10: 1 | N10: 1 | R10: L | S10: =IFERROR(C10*460+D10*-560,0)+IFERROR(K10*460+L10*-560,0) -> 920
A11: Jan 13 | B11: Tue | C11: 1 | D11: 1 | G11: 1 | H11: 1 | J11: L | K11: 2 | M11: 1 | O11: 1 | Q11: 1 | R11: L | S11: =IFERROR(C11*460+D11*-560,0)+IFERROR(K11*460+L11*-560,0) -> 820
A12: Jan 14 | B12: Wed | C12: 1 | D12: 3 | E12: 1 | F12: 1 | H12: 2 | J12: L | K12: 2 | L12: 2 | M12: 1 | N12: 1 | O12: 1 | P12: 1 | R12: E/L | S12: =IFERROR(C12*460+D12*-560,0)+IFERROR(K12*460+L12*-560,0) -> -1420
A13: Jan 15 | B13: Thu | C13: 2 | D13: 1 | E13: 1 | G13: 1 | H13: 1 | J13: E/L | K13: 2 | M13: 2 | R13: E/L | S13: =IFERROR(C13*460+D13*-560,0)+IFERROR(K13*460+L13*-560,0) -> 1280
A14: Jan 16 | B14: Fri | C14: 3 | D14: 1 | E14: 1 | F14: 1 | G14: 2 | I14: 1 | J14: E/L | K14: 1 | O14: 1 | Q14: 1 | R14: L | S14: =IFERROR(C14*460+D14*-560,0)+IFERROR(K14*460+L14*-560,0) -> 1280
A15: Jan 18 | B15: SUN ★ | C15: — | D15: — | E15: — | F15: — | G15: — | H15: — | I15: — | J15: — | K15: 1 | O15: 1 | Q15: 1 | R15: L | S15: =IFERROR(K15*460+L15*-560,0) -> 460
A16: Jan 20 | B16: Tue | C16: 1 | D16: 2 | E16: 1 | H16: 2 | I16: 3 | J16: L | L16: 2 | P16: 2 | R16: L | S16: =IFERROR(C16*460+D16*-560,0)+IFERROR(K16*460+L16*-560,0) -> -1780
A17: Jan 21 | B17: Wed | D17: 2 | F17: 2 | H17: 2 | J17: L | L17: 1 | N17: 1 | R17: E | S17: =IFERROR(C17*460+D17*-560,0)+IFERROR(K17*460+L17*-560,0) -> -1680
A18: Jan 22 | B18: Thu | C18: 1 | D18: 3 | E18: 1 | F18: 1 | H18: 2 | J18: L | K18: 2 | L18: 1 | M18: 2 | P18: 1 | R18: E/L | S18: =IFERROR(C18*460+D18*-560,0)+IFERROR(K18*460+L18*-560,0) -> -860
A19: Jan 23 | B19: Fri | C19: 2 | E19: 1 | G19: 1 | I19: 1 | J19: L | S19: =IFERROR(C19*460+D19*-560,0)+IFERROR(K19*460+L19*-560,0) -> 920
A20: Jan 25 | B20: SUN ★ | C20: — | D20: — | E20: — | F20: — | G20: — | H20: — | I20: — | J20: — | K20: 1 | L20: 2 | M20: 1 | N20: 1 | O20: 1 | R20: E/L | S20: =IFERROR(K20*460+L20*-560,0) -> -660
A21: Jan 26 | B21: Mon | D21: 2 | F21: 2 | J21: L | K21: 1 | M21: 1 | R21: L | S21: =IFERROR(C21*460+D21*-560,0)+IFERROR(K21*460+L21*-560,0) -> -660
A22: Jan 27 | B22: Tue | C22: 4 | D22: 1 | E22: 3 | F22: 1 | J22: L | K22: 1 | M22: 1 | R22: E | S22: =IFERROR(C22*460+D22*-560,0)+IFERROR(K22*460+L22*-560,0) -> 1740
A23: Jan 28 | B23: Wed | C23: 2 | D23: 1 | E23: 2 | F23: 1 | I23: 1 | J23: E/L | K23: 2 | M23: 1 | O23: 1 | R23: L | S23: =IFERROR(C23*460+D23*-560,0)+IFERROR(K23*460+L23*-560,0) -> 1280
A24: Jan 29 | B24: Thu | C24: 3 | D24: 1 | E24: 2 | F24: 1 | G24: 1 | I24: 4 | J24: E/L | K24: 3 | L24: 1 | M24: 1 | N24: 1 | O24: 2 | Q24: 1 | R24: L | S24: =IFERROR(C24*460+D24*-560,0)+IFERROR(K24*460+L24*-560,0) -> 1640
A25: Jan 30 | B25: Fri | C25: 1 | G25: 1 | J25: E | S25: =IFERROR(C25*460+D25*-560,0)+IFERROR(K25*460+L25*-560,0) -> 460
A26: ★ JANUARY TOTAL | C26: =SUM(C5:C25) -> 22 | D26: =SUM(D5:D25) -> 18 | E26: =SUM(E5:E25) -> 14 | F26: =SUM(F5:F25) -> 10 | G26: =SUM(G5:G25) -> 7 | H26: =SUM(H5:H25) -> 10 | I26: =SUM(I5:I25) -> 10 | K26: =SUM(K5:K25) -> 20 | L26: =SUM(L5:L25) -> 10 | M26: =SUM(M5:M25) -> 11 | N26: =SUM(N5:N25) -> 6 | O26: =SUM(O5:O25) -> 9 | P26: =SUM(P5:P25) -> 4 | Q26: =SUM(Q5:Q25) -> 5 | S26: =SUM(S5:S25) -> 3640
A27: Feb 1 | B27: SUN ★ | C27: — | D27: — | E27: — | F27: — | G27: — | H27: — | I27: — | J27: — | L27: 2 | N27: 1 | P27: 1 | Q27: 1 | R27: L | S27: =IFERROR(K27*460+L27*-560,0) -> -1120
A28: Feb 2 | B28: Mon | C28: 1 | D28: 2 | E28: 1 | F28: 1 | H28: 1 | J28: E/L | K28: 1 | L28: 1 | O28: 1 | Q28: 1 | R28: L | S28: =IFERROR(C28*460+D28*-560,0)+IFERROR(K28*460+L28*-560,0) -> -760
A29: Feb 3 | B29: Tue | C29: 1 | D29: 2 | G29: 1 | H29: 2 | J29: L | K29: 1 | L29: 1 | N29: 1 | O29: 1 | R29: L | S29: =IFERROR(C29*460+D29*-560,0)+IFERROR(K29*460+L29*-560,0) -> -760
A30: Feb 4 | B30: Wed | K30: 1 | L30: 1 | N30: 1 | O30: 1 | R30: L | S30: =IFERROR(C30*460+D30*-560,0)+IFERROR(K30*460+L30*-560,0) -> -100
A31: Feb 5 | B31: Thu | D31: 1 | F31: 1 | I31: 2 | J31: L | K31: 1 | L31: 2 | M31: 1 | N31: 2 | R31: L | S31: =IFERROR(C31*460+D31*-560,0)+IFERROR(K31*460+L31*-560,0) -> -1220
A32: Feb 6 | B32: Fri | C32: 2 | D32: 2 | E32: 2 | F32: 1 | H32: 1 | J32: E/L | S32: =IFERROR(C32*460+D32*-560,0)+IFERROR(K32*460+L32*-560,0) -> -200
A33: Feb 8 | B33: SUN ★ | C33: — | D33: — | E33: — | F33: — | G33: — | H33: — | I33: — | J33: — | K33: 1 | L33: 2 | M33: 1 | N33: 2 | Q33: 2 | R33: L | S33: =IFERROR(K33*460+L33*-560,0) -> -660
A34: Feb 9 | B34: Mon | C34: 1 | D34: 2 | E34: 1 | F34: 2 | J34: L | K34: 1 | L34: 2 | N34: 2 | O34: 1 | R34: L | S34: =IFERROR(C34*460+D34*-560,0)+IFERROR(K34*460+L34*-560,0) -> -1320
A35: Feb 10 | B35: Tue | C35: 1 | E35: 1 | I35: 1 | J35: L | K35: 1 | L35: 1 | M35: 1 | N35: 1 | R35: L | S35: =IFERROR(C35*460+D35*-560,0)+IFERROR(K35*460+L35*-560,0) -> 360
A36: Feb 11 | B36: Wed | C36: 2 | D36: 1 | E36: 2 | F36: 1 | J36: L | L36: 1 | Q36: 1 | R36: L | S36: =IFERROR(C36*460+D36*-560,0)+IFERROR(K36*460+L36*-560,0) -> -200
A37: Feb 12 | B37: Thu | C37: 2 | E37: 1 | G37: 1 | I37: 7 | J37: E/L | K37: 2 | Q37: 1 | R37: L | S37: =IFERROR(C37*460+D37*-560,0)+IFERROR(K37*460+L37*-560,0) -> 1840
A38: Feb 13 | B38: Fri | S38: =IFERROR(C38*460+D38*-560,0)+IFERROR(K38*460+L38*-560,0) -> 0
A39: Feb 15 | B39: SUN ★ | C39: — | D39: — | E39: — | F39: — | G39: — | H39: — | I39: — | J39: — | S39: =IFERROR(K39*460+L39*-560,0) -> 0
A40: Feb 17 | B40: Tue | C40: 3 | D40: 1 | E40: 2 | G40: 1 | H40: 1 | I40: 2 | J40: E/L | L40: 2 | P40: 2 | R40: L | S40: =IFERROR(C40*460+D40*-560,0)+IFERROR(K40*460+L40*-560,0) -> -300
A41: Feb 18 | B41: Wed | C41: 2 | D41: 1 | F41: 1 | G41: 2 | I41: 3 | J41: L | S41: =IFERROR(C41*460+D41*-560,0)+IFERROR(K41*460+L41*-560,0) -> 360
A42: Feb 19 | B42: Thu | I42: 2 | L42: 1 | O42: 1 | R42: L | S42: =IFERROR(C42*460+D42*-560,0)+IFERROR(K42*460+L42*-560,0) -> -560
A43: Feb 20 | B43: Fri | C43: 2 | E43: 1 | G43: 1 | I43: 4 | J43: L | S43: =IFERROR(C43*460+D43*-560,0)+IFERROR(K43*460+L43*-560,0) -> 920
A44: Feb 22 | B44: SUN ★ | C44: — | D44: — | E44: — | F44: — | G44: — | H44: — | I44: — | J44: — | K44: 3 | L44: 1 | N44: 1 | O44: 3 | R44: L | S44: =IFERROR(K44*460+L44*-560,0) -> 820
A45: Feb 23 | B45: Mon | K45: 1 | M45: 1 | S45: =IFERROR(C45*460+D45*-560,0)+IFERROR(K45*460+L45*-560,0) -> 460
A46: Feb 24 | B46: Tue | L46: 1 | Q46: 1 | R46: L | S46: =IFERROR(C46*460+D46*-560,0)+IFERROR(K46*460+L46*-560,0) -> -560
A47: Feb 25 | B47: Wed | C47: 1 | D47: 2 | E47: 1 | F47: 1 | H47: 1 | J47: E/L | L47: 1 | N47: 1 | R47: L | S47: =IFERROR(C47*460+D47*-560,0)+IFERROR(K47*460+L47*-560,0) -> -1220
A48: Feb 26 | B48: Thu | C48: 1 | G48: 1 | I48: 1 | J48: L | L48: 1 | N48: 1 | Q48: 2 | R48: L | S48: =IFERROR(C48*460+D48*-560,0)+IFERROR(K48*460+L48*-560,0) -> -100
A49: Feb 27 | B49: Fri | D49: 2 | H49: 2 | J49: L | S49: =IFERROR(C49*460+D49*-560,0)+IFERROR(K49*460+L49*-560,0) -> -1120
A50: ★ FEBRUARY TOTAL | C50: =SUM(C27:C49) -> 19 | D50: =SUM(D27:D49) -> 16 | E50: =SUM(E27:E49) -> 12 | F50: =SUM(F27:F49) -> 8 | G50: =SUM(G27:G49) -> 7 | H50: =SUM(H27:H49) -> 8 | I50: =SUM(I27:I49) -> 22 | K50: =SUM(K27:K49) -> 13 | L50: =SUM(L27:L49) -> 20 | M50: =SUM(M27:M49) -> 4 | N50: =SUM(N27:N49) -> 13 | O50: =SUM(O27:O49) -> 8 | P50: =SUM(P27:P49) -> 3 | Q50: =SUM(Q27:Q49) -> 9 | S50: =SUM(S27:S49) -> -5440
A51: Mar 1 | B51: SUN ★ | C51: — | D51: — | E51: — | F51: — | G51: — | H51: — | I51: — | J51: — | K51: 2 | M51: 1 | O51: 1 | Q51: 2 | R51: L | S51: =IFERROR(K51*460+L51*-560,0) -> 920
A52: Mar 2 | B52: Mon | C52: 1 | D52: 1 | E52: 1 | H52: 1 | J52: L | K52: 1 | L52: 1 | N52: 1 | Q52: 1 | R52: E/L | S52: =IFERROR(C52*460+D52*-560,0)+IFERROR(K52*460+L52*-560,0) -> -200
A53: Mar 3 | B53: Tue | C53: 1 | E53: 1 | I53: 2 | J53: L | K53: 1 | Q53: 1 | R53: L | S53: =IFERROR(C53*460+D53*-560,0)+IFERROR(K53*460+L53*-560,0) -> 920
A54: Mar 4 | B54: Wed | S54: =IFERROR(C54*460+D54*-560,0)+IFERROR(K54*460+L54*-560,0) -> 0
A55: Mar 5 | B55: Thu | C55: 2 | E55: 1 | G55: 1 | I55: 1 | J55: E/L | K55: 1 | L55: 1 | M55: 1 | P55: 1 | Q55: 1 | R55: E/L | S55: =IFERROR(C55*460+D55*-560,0)+IFERROR(K55*460+L55*-560,0) -> 820
A56: Mar 6 | B56: Fri | C56: 1 | D56: 4 | E56: 1 | F56: 2 | H56: 2 | I56: 1 | J56: E/L | S56: =IFERROR(C56*460+D56*-560,0)+IFERROR(K56*460+L56*-560,0) -> -1780
A57: Mar 8 | B57: SUN ★ | C57: — | D57: — | E57: — | F57: — | G57: — | H57: — | I57: — | J57: — | K57: 3 | L57: 1 | M57: 1 | O57: 2 | P57: 1 | Q57: 1 | R57: L | S57: =IFERROR(K57*460+L57*-560,0) -> 820
A58: Mar 9 | B58: Mon | C58: 2 | D58: 2 | F58: 1 | G58: 2 | H58: 1 | J58: E/L | K58: 1 | L58: 4 | N58: 4 | O58: 1 | R58: E/L | S58: =IFERROR(C58*460+D58*-560,0)+IFERROR(K58*460+L58*-560,0) -> -1980
A59: Mar 10 | B59: Tue | C59: 1 | E59: 1 | I59: 1 | J59: L | K59: 1 | M59: 1 | Q59: 1 | R59: L | S59: =IFERROR(C59*460+D59*-560,0)+IFERROR(K59*460+L59*-560,0) -> 920
A60: Mar 11 | B60: Wed | C60: 1 | D60: 2 | E60: 1 | F60: 1 | H60: 1 | J60: L | K60: 1 | O60: 1 | Q60: 1 | R60: L | S60: =IFERROR(C60*460+D60*-560,0)+IFERROR(K60*460+L60*-560,0) -> -200
A61: Mar 12 | B61: Thu | D61: 3 | F61: 2 | H61: 1 | J61: E/L | K61: 2 | M61: 2 | Q61: 1 | R61: L | S61: =IFERROR(C61*460+D61*-560,0)+IFERROR(K61*460+L61*-560,0) -> -760
A62: Mar 13 | B62: Fri | C62: 1 | D62: 1 | G62: 1 | H62: 1 | I62: 2 | J62: L | S62: =IFERROR(C62*460+D62*-560,0)+IFERROR(K62*460+L62*-560,0) -> -100
A63: Mar 15 | B63: SUN ★ | C63: — | D63: — | E63: — | F63: — | G63: — | H63: — | I63: — | J63: — | K63: 1 | L63: 2 | M63: 1 | N63: 1 | P63: 1 | Q63: 2 | R63: L | S63: =IFERROR(K63*460+L63*-560,0) -> -660
A64: Mar 16 | B64: Mon | C64: 1 | E64: 1 | J64: E | K64: 1 | L64: 1 | O64: 1 | P64: 1 | R64: L | S64: =IFERROR(C64*460+D64*-560,0)+IFERROR(K64*460+L64*-560,0) -> 360
A65: Mar 17 | B65: Tue | D65: 2 | H65: 2 | J65: L | K65: 1 | L65: 1 | M65: 1 | P65: 1 | Q65: 1 | R65: E/L | S65: =IFERROR(C65*460+D65*-560,0)+IFERROR(K65*460+L65*-560,0) -> -1220
A66: Mar 18 | B66: Wed | C66: 2 | D66: 1 | F66: 1 | G66: 2 | I66: 1 | J66: L | L66: 1 | N66: 1 | R66: L | S66: =IFERROR(C66*460+D66*-560,0)+IFERROR(K66*460+L66*-560,0) -> -200
A67: Mar 19 | B67: Thu | C67: 2 | D67: 2 | F67: 1 | G67: 2 | H67: 1 | I67: 2 | J67: L | L67: 1 | P67: 1 | R67: L | S67: =IFERROR(C67*460+D67*-560,0)+IFERROR(K67*460+L67*-560,0) -> -760
A68: Mar 20 | B68: Fri | D68: 2 | F68: 1 | H68: 1 | J68: L | S68: =IFERROR(C68*460+D68*-560,0)+IFERROR(K68*460+L68*-560,0) -> -1120
A69: Mar 22 | B69: SUN ★ | C69: — | D69: — | E69: — | F69: — | G69: — | H69: — | I69: — | J69: — | K69: 2 | L69: 1 | M69: 1 | N69: 1 | O69: 1 | Q69: 1 | R69: L | S69: =IFERROR(K69*460+L69*-560,0) -> 360
A70: Mar 23 | B70: Mon | D70: 4 | S70: =IFERROR(C70*460+D70*-560,0)+IFERROR(K70*460+L70*-560,0) -> -2240
A71: Mar 24 | B71: Tue | S71: =IFERROR(C71*460+D71*-560,0)+IFERROR(K71*460+L71*-560,0) -> 0
A72: Mar 25 | B72: Wed | S72: =IFERROR(C72*460+D72*-560,0)+IFERROR(K72*460+L72*-560,0) -> 0
A73: Mar 26 | B73: Thu | S73: =IFERROR(C73*460+D73*-560,0)+IFERROR(K73*460+L73*-560,0) -> 0
A74: Mar 27 | B74: Fri | S74: =IFERROR(C74*460+D74*-560,0)+IFERROR(K74*460+L74*-560,0) -> 0
A75: Mar 29 | B75: SUN ★ | C75: — | D75: — | E75: — | F75: — | G75: — | H75: — | I75: — | J75: — | S75: =IFERROR(K75*460+L75*-560,0) -> 0
A76: Mar 30 | B76: Mon | S76: =IFERROR(C76*460+D76*-560,0)+IFERROR(K76*460+L76*-560,0) -> 0
A77: Mar 31 | B77: Tue | S77: =IFERROR(C77*460+D77*-560,0)+IFERROR(K77*460+L77*-560,0) -> 0
A78: ★ MARCH TOTAL | C78: =SUM(C51:C77) -> 15 | D78: =SUM(D51:D77) -> 24 | E78: =SUM(E51:E77) -> 7 | F78: =SUM(F51:F77) -> 9 | G78: =SUM(G51:G77) -> 8 | H78: =SUM(H51:H77) -> 11 | I78: =SUM(I51:I77) -> 10 | K78: =SUM(K51:K77) -> 18 | L78: =SUM(L51:L77) -> 14 | M78: =SUM(M51:M77) -> 9 | N78: =SUM(N51:N77) -> 8 | O78: =SUM(O51:O77) -> 7 | P78: =SUM(P51:P77) -> 6 | Q78: =SUM(Q51:Q77) -> 13 | S78: =SUM(S51:S77) -> -6100
A79: Apr 1 | B79: Wed | S79: =IFERROR(C79*460+D79*-560,0)+IFERROR(K79*460+L79*-560,0) -> 0
A80: Apr 2 | B80: Thu | S80: =IFERROR(C80*460+D80*-560,0)+IFERROR(K80*460+L80*-560,0) -> 0
A81: Apr 5 | B81: SUN ★ | C81: — | D81: — | E81: — | F81: — | G81: — | H81: — | I81: — | J81: — | S81: =IFERROR(K81*460+L81*-560,0) -> 0
A82: Apr 6 | B82: Mon | S82: =IFERROR(C82*460+D82*-560,0)+IFERROR(K82*460+L82*-560,0) -> 0
A83: Apr 7 | B83: Tue | S83: =IFERROR(C83*460+D83*-560,0)+IFERROR(K83*460+L83*-560,0) -> 0
A84: Apr 8 | B84: Wed | S84: =IFERROR(C84*460+D84*-560,0)+IFERROR(K84*460+L84*-560,0) -> 0
A85: Apr 9 | B85: Thu | S85: =IFERROR(C85*460+D85*-560,0)+IFERROR(K85*460+L85*-560,0) -> 0
A86: Apr 10 | B86: Fri | S86: =IFERROR(C86*460+D86*-560,0)+IFERROR(K86*460+L86*-560,0) -> 0
A87: Apr 12 | B87: SUN ★ | C87: — | D87: — | E87: — | F87: — | G87: — | H87: — | I87: — | J87: — | S87: =IFERROR(K87*460+L87*-560,0) -> 0
A88: Apr 13 | B88: Mon | S88: =IFERROR(C88*460+D88*-560,0)+IFERROR(K88*460+L88*-560,0) -> 0
A89: Apr 14 | B89: Tue | S89: =IFERROR(C89*460+D89*-560,0)+IFERROR(K89*460+L89*-560,0) -> 0
A90: Apr 15 | B90: Wed | S90: =IFERROR(C90*460+D90*-560,0)+IFERROR(K90*460+L90*-560,0) -> 0
A91: Apr 16 | B91: Thu | S91: =IFERROR(C91*460+D91*-560,0)+IFERROR(K91*460+L91*-560,0) -> 0
A92: Apr 17 | B92: Fri | S92: =IFERROR(C92*460+D92*-560,0)+IFERROR(K92*460+L92*-560,0) -> 0
A93: Apr 19 | B93: SUN ★ | C93: — | D93: — | E93: — | F93: — | G93: — | H93: — | I93: — | J93: — | S93: =IFERROR(K93*460+L93*-560,0) -> 0
A94: Apr 20 | B94: Mon | S94: =IFERROR(C94*460+D94*-560,0)+IFERROR(K94*460+L94*-560,0) -> 0
A95: Apr 21 | B95: Tue | S95: =IFERROR(C95*460+D95*-560,0)+IFERROR(K95*460+L95*-560,0) -> 0
A96: Apr 22 | B96: Wed | S96: =IFERROR(C96*460+D96*-560,0)+IFERROR(K96*460+L96*-560,0) -> 0
A97: Apr 23 | B97: Thu | S97: =IFERROR(C97*460+D97*-560,0)+IFERROR(K97*460+L97*-560,0) -> 0
A98: Apr 24 | B98: Fri | S98: =IFERROR(C98*460+D98*-560,0)+IFERROR(K98*460+L98*-560,0) -> 0
A99: Apr 26 | B99: SUN ★ | C99: — | D99: — | E99: — | F99: — | G99: — | H99: — | I99: — | J99: — | S99: =IFERROR(K99*460+L99*-560,0) -> 0
A100: Apr 27 | B100: Mon | S100: =IFERROR(C100*460+D100*-560,0)+IFERROR(K100*460+L100*-560,0) -> 0
...

Sheet Stats
A1: BACKTEST STATS — NY + ASIA COMBINED
A2: METRIC | B2: NY | C2: ASIA | D2: COMBINED
A3: OVERALL
A4: Total Trades | B4: =SUM('Trade Log'!C5:C159)+SUM('Trade Log'!D5:D159) -> 228 | C4: =SUM('Trade Log'!K5:K159)+SUM('Trade Log'!L5:L159) -> 190 | D4: =B4+C4 -> 418
A5: Wins | B5: =SUM('Trade Log'!C5:C159) -> 112 | C5: =SUM('Trade Log'!K5:K159) -> 102 | D5: =B5+C5 -> 214
A6: Losses | B6: =SUM('Trade Log'!D5:D159) -> 116 | C6: =SUM('Trade Log'!L5:L159) -> 88 | D6: =B6+C6 -> 204
A7: Win Rate | B7: =IFERROR(B5/B4,0) -> 0.49122807 | C7: =IFERROR(C5/C4,0) -> 0.53684211 | D7: =IFERROR(D5/D4,0) -> 0.51196172
A8: Net P&L | B8: =SUM('Trade Log'!C5:C159)*460+SUM('Trade Log'!D5:D159)*-560 -> -13440 | C8: =SUM('Trade Log'!K5:K159)*460+SUM('Trade Log'!L5:L159)*-560 -> -2360 | D8: =SUM('Trade Log'!S5:S159) -> -15800
A9: Profit Factor | B9: =IFERROR((B5*460)/(B6*560),0) -> 0.79310345 | C9: =IFERROR((C5*460)/(C6*560),0) -> 0.95211039 | D9: =IFERROR((D5*460)/(D6*560),0) -> 0.86169468
A10: Expectancy/Trade | B10: =IFERROR(B8/B4,0) -> -58.947368 | C10: =IFERROR(C8/C4,0) -> -12.421053 | D10: =IFERROR(D8/D4,0) -> -37.799043
A11: LONGS
A12: Longs Won | B12: =SUM('Trade Log'!E5:E159) -> 66 | C12: =SUM('Trade Log'!M5:M159) -> 48 | D12: =B12+C12 -> 114
A13: Longs Lost | B13: =SUM('Trade Log'!F5:F159) -> 54 | C13: =SUM('Trade Log'!N5:N159) -> 54 | D13: =B13+C13 -> 108
A14: Long Win Rate | B14: =IFERROR(B12/(B12+B13),0) -> 0.55 | C14: =IFERROR(C12/(C12+C13),0) -> 0.47058824 | D14: =IFERROR(D12/(D12+D13),0) -> 0.51351351
A15: SHORTS
A16: Shorts Won | B16: =SUM('Trade Log'!G5:G159) -> 44 | C16: =SUM('Trade Log'!O5:O159) -> 48 | D16: =B16+C16 -> 92
A17: Shorts Lost | B17: =SUM('Trade Log'!H5:H159) -> 58 | C17: =SUM('Trade Log'!P5:P159) -> 26 | D17: =B17+C17 -> 84
A18: Short Win Rate | B18: =IFERROR(B16/(B16+B17),0) -> 0.43137255 | C18: =IFERROR(C16/(C16+C17),0) -> 0.64864865 | D18: =IFERROR(D16/(D16+D17),0) -> 0.52272727
A19: SKIPS
A20: Total Skips | B20: =SUM('Trade Log'!I5:I159) -> 84 | C20: =SUM('Trade Log'!Q5:Q159) -> 54 | D20: =B20+C20 -> 138
